T,batch_size,fairness_gap,time_per_1000_configs
3,100,3,0.6712508201599121
3,1000,3,0.1260528564453125
6,100,6,0.47652721405029297
6,1000,6,0.21169686317443848
6,10000,0,0.24530279636383057
6,100000,0,0.26114454984664914
6,1000000,0,0.02610747504234314
9,100,9,2.263650894165039
9,1000,9,0.2855868339538574
9,10000,0,0.3717406988143921
9,100000,0,0.3793487000465393
9,1000000,0,0.03826974296569824
