T,Best Batch Size,Best Fairness Gap,Avg Coverage,Computation Time (s)
3,100,3,0.6,0.06712508201599121
6,10000,0,6.0,2.4530279636383057
9,10000,0,9.0,3.717406988143921
