T,Best Batch Size,Best Fairness Gap,Avg Coverage,Computation Time (s)
3,100,3,0.6,0.06644797325134277
6,10000,0,6.0,2.520357847213745
9,10000,0,9.0,3.596869945526123
